Organization,Followed On
Helwan University Cairo,Thu Sep 01 09:41:33 UTC 2016
IBM,Wed Jun 07 16:49:23 UTC 2017
Microsoft,Wed Jun 07 16:49:25 UTC 2017
Orange,Wed Jun 07 16:49:27 UTC 2017
The George Washington University,Wed Jun 07 16:49:31 UTC 2017
3D|Diagnostix,Wed Jun 07 16:49:32 UTC 2017
TIEC,Wed Jun 07 16:49:35 UTC 2017
Alfa Electronics,Wed Jun 07 16:49:36 UTC 2017
SEO Egypt LLC,Wed Jun 07 16:49:40 UTC 2017
CodeLab,Wed Jun 07 16:49:41 UTC 2017
NamaaIT,Wed Jun 07 16:49:42 UTC 2017
Qatar Fund for Development,Wed Jun 07 16:49:45 UTC 2017
Sakhr Software,Wed Jun 07 18:18:10 UTC 2017
Centrivision,Wed Jun 07 18:18:12 UTC 2017
MESC for,Wed Jun 07 18:18:17 UTC 2017
IEEE Young Professionals,Wed Jun 07 18:18:18 UTC 2017
Fab Lab Egypt,Wed Jun 07 18:18:19 UTC 2017
MESC for Research and Development,Wed Jun 07 18:18:21 UTC 2017
ScadaBrain,Wed Jun 07 18:24:57 UTC 2017
Vodafone,Thu Jun 08 13:43:10 UTC 2017
Nodo,Thu Jun 08 13:43:29 UTC 2017
ITWorx,Fri Jun 09 12:06:27 UTC 2017
AymaXNet ايماكس للبرمجيات,Fri Jun 09 12:40:50 UTC 2017
Orchtech,Fri Jun 09 12:44:19 UTC 2017
Bright Creations,Fri Jun 09 12:44:33 UTC 2017
Values Soft,Fri Jun 09 12:46:56 UTC 2017
Mortimer Harvey,Fri Jun 09 12:48:29 UTC 2017
Shopbox,Fri Jun 09 12:51:25 UTC 2017
Alsaif Market ,Fri Jun 09 12:51:56 UTC 2017
Ibtikar Technologies,Fri Jun 09 12:54:15 UTC 2017
Softxpert,Fri Jun 09 12:56:34 UTC 2017
Accorpa,Fri Jun 09 12:56:48 UTC 2017
EJADA,Fri Jun 09 12:57:33 UTC 2017
Brightskies,Fri Jun 09 13:01:47 UTC 2017
Influencers.ae,Sun Jul 16 10:45:11 UTC 2017
ArabNewTech LTD.,Sun Aug 06 13:29:32 UTC 2017
Edfa3ly,Sun Aug 13 14:57:01 UTC 2017
Upwork,Sun Aug 13 14:57:14 UTC 2017
Shift E-Business GmbH,Thu Aug 24 20:57:12 UTC 2017
OSC - Open Source Community,Tue Aug 29 08:51:03 UTC 2017
Jobs in Canada,Wed Aug 30 20:12:42 UTC 2017
Microcode Recruitment Services DMCC,Wed Aug 30 20:16:27 UTC 2017
OnX Canada,Wed Aug 30 23:30:47 UTC 2017
GetSircles Digital Agency,Thu Aug 31 18:58:41 UTC 2017
ABC Television,Sat Sep 09 14:27:15 UTC 2017
The Shark Group,Sat Sep 09 14:27:16 UTC 2017
blueprint+co,Sat Sep 09 14:27:18 UTC 2017
TTM Associates Ltd,Tue Sep 12 00:22:06 UTC 2017
Partner & More,Thu Nov 30 21:51:02 UTC 2017
International Turnkey Systems - ITS,Mon Dec 25 22:47:58 UTC 2017
HITS Solutions,Mon Dec 25 22:48:01 UTC 2017
Raya Holding for Financial Investments,Thu May 10 04:43:36 UTC 2018
Accelerator App,Thu May 24 23:38:21 UTC 2018
FastKood,Fri Jun 08 12:21:25 UTC 2018
Advansys ESC,Thu Jun 14 23:35:39 UTC 2018
HSBC Commercial Banking,Sun Dec 09 22:50:52 UTC 2018
Walt Disney Television,Thu Apr 25 17:32:57 UTC 2019
iVAS,Thu Aug 01 15:50:20 UTC 2019
WazaefAlyoum.com - وظائف اليوم,Thu Aug 15 07:30:53 UTC 2019
WUZZUF,Sat Nov 16 20:55:04 UTC 2019
Xceed,Sat Nov 16 20:55:05 UTC 2019